{
    "id": "someid",
    "name": "Some Mod",
    "author": "Some Person",
    "description": [
        
        "Does Something"
        
    ],
    "category": "Gameplay",
    "gameVersion": "1.6.0",
    "version": "0.1.0",
    "platform": "Quest",
    "components": [
        {
            "type": "HookMod",
            "installAction": {
                "installLibraryFile": "libsomeid.so"
            },
            "uninstallAction": {
                "removeLibraryFile": "libsomeid.so"
            }
        }
    ]
}
